Workbook

Sheet Infoblad
A1: Soort meest waarschijnlijke fout en zekerheid | B1: Toelichting | C1: Prioriteit
A2: Meest waarschijnlijke fout en onzekerheid: Niet naleven budgetrecht (vereisten uit de Comptabiliteitswet) | B2: Deze categorie betreft het budgetrecht van beide kamers. De voornaamste oorzaak voor onrechtmatigheden in deze categorie volgt uit het aangaan van verplichtingen of doen van uitgaven voordat voldaan is aan de eisen uit artikel 2.25 en art. 2.27 CW. Ook het niet tijdig melden van slotwetmutaties (veegbrief aan beide kamers) valt hier onder. Zie voorts het fiche budgetrecht. | C2: 1
A3: Meest waarschijnlijke fout en onzekerheid: Inkopen - Niet naleven aanbestedingswet- en regelgeving | B3: Deze categorie betreft onrechtmatigheden door het niet naleven van wet- en regelgeving bij inkopen en aanbestedingen. Het gaat daarbij om inkoopcontracten en overbruggings-overeenkomsten waarbij niet wordt voldaan aan Europese of nationale aanbestedingswet- en regelgeving. Bijvoorbeeld het onjuist afroepen op een contract. | C3: 2
A4: Meest waarschijnlijke fout en onzekerheid: Inkopen - Ontbreken prestatieverklaring | B4: Deze categorie betreft het ontbreken van een prestatieverklaring, dit leidt tot een onzekerheid in de rechtmatigheid. | C4: 2
A5: Meest waarschijnlijke fout en onzekerheid: Staatssteun | B5: Deze categorie betreft een onrechtmatigheid of onzekerheid vanuit de controle op staatssteun, zie HARo M2.12. | C5: 2
A6: Meest waarschijnlijke fout en onzekerheid: Ontoereikendheid in M&O-beleid | B6: Deze categorie betreft een ontoereikende opzet of werking van het M&O-beleid. Veelal zullen dit onzekerheden zijn. | C6: 2
A7: Meest waarschijnlijke fout en onzekerheid: Niet naleven van de Regeling Financieel Beheer van het Rijk | B7: Deze categorie betreft onrechtmatigheden die het niet naleven van de Regeling Financieel Beheer van het Rijk betreffen. Bijvoorbeeld het ontbreken van de vereiste bankgaranties of voorschotverlening. | C7: 3
A8: Meest waarschijnlijke fout en onzekerheid: Onrechtmatigheden in ministerie specifieke wet- en regelgeving of het niet naleven van overige comptabele wet- en regelgeving | B8: Deze categorie betreft het niet naleven van comptabele wet- en regelgeving of ministerie specifieke wet- en regelgeving. De onrechtmatigheden hebben geen betrekking op categorie 1 (budgetrecht) of categorie 2 (inhoudelijke categorie). Bijvoorbeeld ministerie specifieke wet- en regelgeving waarbij een onjuiste subsidieberekening heeft plaatsgevonden, waarbij geen sprake is van een ontoereikendheid in het M&O-beleid. Bijvoorbeeld het niet naleven van de bepalingen uit voorafgaand toezicht (Comptabiliteitswet, niet zijnde budgetrecht). | C8: 3
A9: Versie 1.2 (11.11.2024)

Sheet RM_uitgaven
A1: hoofdstuk nr | B1: hoofdstuk | C1: artikel nr | D1: artikel | E1: soort artikel | F1: verantwoord bedrag | G1: steekproef | H1: meest waarschijnlijke fout | I1: meest waarschijnlijke onzekerheid | J1: meest waarschijnlijke fout en onzekerheid | K1: basis onnauwkeurigheid | L1: nauwkeurigheids verval | M1: maximale fout en onzekerheid | N1: niet kwantificeerbare bevindingen | O1: % meest waarschijnlijke fout en onzekerheid | P1: meest waarschijnlijke fout en onzekerheid: niet naleven budgetrecht (vereisten uit de comptabiliteitswet) | Q1: meest waarschijnlijke fout en onzekerheid: inkopen - niet naleven aanbestedingswet- en regelgeving | R1: meest waarschijnlijke fout en onzekerheid: inkopen - ontbreken prestatieverklaring | S1: meest waarschijnlijke fout en onzekerheid: staatssteun | T1: meest waarschijnlijke fout en onzekerheid: ontoereikendheid in M&O-beleid | U1: meest waarschijnlijke fout en onzekerheid: niet naleven van de regeling financieel beheer van het rijk | V1: meest waarschijnlijke fout en onzekerheid: onrechtmatigheden in ministerie specifieke wet- en regelgeving of het niet naleven van overige comptabele wet- en regelgeving | W1: optelling soort meest waarschijnlijke fout en onzekerheid | X1: opmerkingen
A2: VII | B2: Binnenlandse Zaken & Koninkrijksrelaties | C2: 1 | D2: Openbaar bestuur en democratie | E2: Beleidsartikel | F2: 400000000 | G2: nee | J2: =H2+I2 -> 0 | M2: =J2+K2+L2 -> 0 | O2: =IF(AND(F2>0,RM_uitgaven_en_ontvangsten!O2="ja"),J2/F2,"nvt") -> nvt | P2: =IF(RM_uitgaven_en_ontvangsten!O2="ja",IF(J2=0,0,""),"nvt") -> nvt | Q2: =IF(RM_uitgaven_en_ontvangsten!O2="ja",IF(J2=0,0,""),"nvt") -> nvt | R2: =IF(RM_uitgaven_en_ontvangsten!O2="ja",IF(J2=0,0,""),"nvt") -> nvt | S2: =IF(RM_uitgaven_en_ontvangsten!O2="ja",IF(J2=0,0,""),"nvt") -> nvt | T2: =IF(RM_uitgaven_en_ontvangsten!O2="ja",IF(J2=0,0,""),"nvt") -> nvt | U2: =IF(RM_uitgaven_en_ontvangsten!O2="ja",IF(J2=0,0,""),"nvt") -> nvt | V2: =IF(RM_uitgaven_en_ontvangsten!O2="ja",IF(J2=0,0,""),"nvt") -> nvt | W2: =IFERROR((SUM(P2:V2)),"nvt") -> 0
A3: VII | B3: Binnenlandse Zaken & Koninkrijksrelaties | C3: 2 | D3: Nationale veiligheid | E3: Beleidsartikel | F3: 600000000 | G3: ja | H3: 25000000 | I3: 30000000 | J3: =H3+I3 -> 55000000 | L3: 10000000 | M3: =J3+K3+L3 -> 65000000 | O3: =IF(AND(F3>0,RM_uitgaven_en_ontvangsten!O3="ja"),J3/F3,"nvt") -> 0.091666667 | P3: 0 | Q3: 50000000 | R3: 0 | S3: 0 | T3: 0 | U3: 0 | V3: 0 | W3: =IFERROR((SUM(P3:V3)),"nvt") -> 50000000
A4: VII | B4: Binnenlandse Zaken & Koninkrijksrelaties | C4: 6 | D4: Overheidsdienstverlening en informatiesamenleving | E4: Beleidsartikel | F4: 500000000 | G4: nee | J4: =H4+I4 -> 0 | M4: =J4+K4+L4 -> 0 | O4: =IF(AND(F4>0,RM_uitgaven_en_ontvangsten!O4="ja"),J4/F4,"nvt") -> nvt | P4: =IF(RM_uitgaven_en_ontvangsten!O4="ja",IF(J4=0,0,""),"nvt") -> nvt | Q4: =IF(RM_uitgaven_en_ontvangsten!O4="ja",IF(J4=0,0,""),"nvt") -> nvt | R4: =IF(RM_uitgaven_en_ontvangsten!O4="ja",IF(J4=0,0,""),"nvt") -> nvt | S4: =IF(RM_uitgaven_en_ontvangsten!O4="ja",IF(J4=0,0,""),"nvt") -> nvt | T4: =IF(RM_uitgaven_en_ontvangsten!O4="ja",IF(J4=0,0,""),"nvt") -> nvt | U4: =IF(RM_uitgaven_en_ontvangsten!O4="ja",IF(J4=0,0,""),"nvt") -> nvt | V4: =IF(RM_uitgaven_en_ontvangsten!O4="ja",IF(J4=0,0,""),"nvt") -> nvt | W4: =IFERROR((SUM(P4:V4)),"nvt") -> 0 | X4: Niet meegenomen in Totaal
A5: VII | B5: Binnenlandse Zaken & Koninkrijksrelaties | C5: 7 | D5: Werkgevers- en bedrijfsvoeringsbeleid | E5: Beleidsartikel | F5: 40000000 | G5: nee | J5: =H5+I5 -> 0 | M5: =J5+K5+L5 -> 0 | O5: =IF(AND(F5>0,RM_uitgaven_en_ontvangsten!O5="ja"),J5/F5,"nvt") -> nvt | P5: =IF(RM_uitgaven_en_ontvangsten!O5="ja",IF(J5=0,0,""),"nvt") -> nvt | Q5: =IF(RM_uitgaven_en_ontvangsten!O5="ja",IF(J5=0,0,""),"nvt") -> nvt | R5: =IF(RM_uitgaven_en_ontvangsten!O5="ja",IF(J5=0,0,""),"nvt") -> nvt | S5: =IF(RM_uitgaven_en_ontvangsten!O5="ja",IF(J5=0,0,""),"nvt") -> nvt | T5: =IF(RM_uitgaven_en_ontvangsten!O5="ja",IF(J5=0,0,""),"nvt") -> nvt | U5: =IF(RM_uitgaven_en_ontvangsten!O5="ja",IF(J5=0,0,""),"nvt") -> nvt | V5: =IF(RM_uitgaven_en_ontvangsten!O5="ja",IF(J5=0,0,""),"nvt") -> nvt | W5: =IFERROR((SUM(P5:V5)),"nvt") -> 0
A6: VII | B6: Binnenlandse Zaken & Koninkrijksrelaties | C6: 14 | D6: Slavernijverleden: fonds en herdenkingscomité | E6: Beleidsartikel | F6: 10000000 | G6: nee | J6: =H6+I6 -> 0 | M6: =J6+K6+L6 -> 0 | O6: =IF(AND(F6>0,RM_uitgaven_en_ontvangsten!O6="ja"),J6/F6,"nvt") -> nvt | P6: =IF(RM_uitgaven_en_ontvangsten!O6="ja",IF(J6=0,0,""),"nvt") -> nvt | Q6: =IF(RM_uitgaven_en_ontvangsten!O6="ja",IF(J6=0,0,""),"nvt") -> nvt | R6: =IF(RM_uitgaven_en_ontvangsten!O6="ja",IF(J6=0,0,""),"nvt") -> nvt | S6: =IF(RM_uitgaven_en_ontvangsten!O6="ja",IF(J6=0,0,""),"nvt") -> nvt | T6: =IF(RM_uitgaven_en_ontvangsten!O6="ja",IF(J6=0,0,""),"nvt") -> nvt | U6: =IF(RM_uitgaven_en_ontvangsten!O6="ja",IF(J6=0,0,""),"nvt") -> nvt | V6: =IF(RM_uitgaven_en_ontvangsten!O6="ja",IF(J6=0,0,""),"nvt") -> nvt | W6: =IFERROR((SUM(P6:V6)),"nvt") -> 0
A7: VII | B7: Binnenlandse Zaken & Koninkrijksrelaties | C7: 15 | D7: Een veilig Groningen met perspectief | E7: Beleidsartikel | F7: 150000000 | G7: ja | I7: 10000 | J7: =H7+I7 -> 10000 | L7: 100000 | M7: =J7+K7+L7 -> 110000 | O7: =IF(AND(F7>0,RM_uitgaven_en_ontvangsten!O7="ja"),J7/F7,"nvt") -> nvt | P7: =IF(RM_uitgaven_en_ontvangsten!O7="ja",IF(J7=0,0,""),"nvt") -> nvt | Q7: =IF(RM_uitgaven_en_ontvangsten!O7="ja",IF(J7=0,0,""),"nvt") -> nvt | R7: =IF(RM_uitgaven_en_ontvangsten!O7="ja",IF(J7=0,0,""),"nvt") -> nvt | S7: =IF(RM_uitgaven_en_ontvangsten!O7="ja",IF(J7=0,0,""),"nvt") -> nvt | T7: =IF(RM_uitgaven_en_ontvangsten!O7="ja",IF(J7=0,0,""),"nvt") -> nvt | U7: =IF(RM_uitgaven_en_ontvangsten!O7="ja",IF(J7=0,0,""),"nvt") -> nvt | V7: =IF(RM_uitgaven_en_ontvangsten!O7="ja",IF(J7=0,0,""),"nvt") -> nvt | W7: =IFERROR((SUM(P7:V7)),"nvt") -> 0
A8: VII | B8: Binnenlandse Zaken & Koninkrijksrelaties | C8: 11 | D8: Centraal apparaat | E8: Niet-beleidsartikel | F8: 900000000 | G8: nee | J8: =H8+I8 -> 0 | M8: =J8+K8+L8 -> 0 | O8: =IF(AND(F8>0,RM_uitgaven_en_ontvangsten!O8="ja"),J8/F8,"nvt") -> nvt | P8: =IF(RM_uitgaven_en_ontvangsten!O8="ja",IF(J8=0,0,""),"nvt") -> nvt | Q8: =IF(RM_uitgaven_en_ontvangsten!O8="ja",IF(J8=0,0,""),"nvt") -> nvt | R8: =IF(RM_uitgaven_en_ontvangsten!O8="ja",IF(J8=0,0,""),"nvt") -> nvt | S8: =IF(RM_uitgaven_en_ontvangsten!O8="ja",IF(J8=0,0,""),"nvt") -> nvt | T8: =IF(RM_uitgaven_en_ontvangsten!O8="ja",IF(J8=0,0,""),"nvt") -> nvt | U8: =IF(RM_uitgaven_en_ontvangsten!O8="ja",IF(J8=0,0,""),"nvt") -> nvt | V8: =IF(RM_uitgaven_en_ontvangsten!O8="ja",IF(J8=0,0,""),"nvt") -> nvt | W8: =IFERROR((SUM(P8:V8)),"nvt") -> 0
A9: VII | B9: Binnenlandse Zaken & Koninkrijksrelaties | C9: 12 | D9: Algemeen | E9: Niet-beleidsartikel | F9: 88000000 | G9: nee | J9: =H9+I9 -> 0 | M9: =J9+K9+L9 -> 0 | O9: =IF(AND(F9>0,RM_uitgaven_en_ontvangsten!O9="ja"),J9/F9,"nvt") -> nvt | P9: =IF(RM_uitgaven_en_ontvangsten!O9="ja",IF(J9=0,0,""),"nvt") -> nvt | Q9: =IF(RM_uitgaven_en_ontvangsten!O9="ja",IF(J9=0,0,""),"nvt") -> nvt | R9: =IF(RM_uitgaven_en_ontvangsten!O9="ja",IF(J9=0,0,""),"nvt") -> nvt | S9: =IF(RM_uitgaven_en_ontvangsten!O9="ja",IF(J9=0,0,""),"nvt") -> nvt | T9: =IF(RM_uitgaven_en_ontvangsten!O9="ja",IF(J9=0,0,""),"nvt") -> nvt | U9: =IF(RM_uitgaven_en_ontvangsten!O9="ja",IF(J9=0,0,""),"nvt") -> nvt | V9: =IF(RM_uitgaven_en_ontvangsten!O9="ja",IF(J9=0,0,""),"nvt") -> nvt | W9: =IFERROR((SUM(P9:V9)),"nvt") -> 0
A10: VII | B10: Binnenlandse Zaken & Koninkrijksrelaties | C10: 13 | D10: Nog onverdeeld | E10: Niet-beleidsartikel | J10: =H10+I10 -> 0 | M10: =J10+K10+L10 -> 0 | O10: =IF(AND(F10>0,RM_uitgaven_en_ontvangsten!O10="ja"),J10/F10,"nvt") -> nvt | P10: =IF(RM_uitgaven_en_ontvangsten!O10="ja",IF(J10=0,0,""),"nvt") -> nvt | Q10: =IF(RM_uitgaven_en_ontvangsten!O10="ja",IF(J10=0,0,""),"nvt") -> nvt | R10: =IF(RM_uitgaven_en_ontvangsten!O10="ja",IF(J10=0,0,""),"nvt") -> nvt | S10: =IF(RM_uitgaven_en_ontvangsten!O10="ja",IF(J10=0,0,""),"nvt") -> nvt | T10: =IF(RM_uitgaven_en_ontvangsten!O10="ja",IF(J10=0,0,""),"nvt") -> nvt | U10: =IF(RM_uitgaven_en_ontvangsten!O10="ja",IF(J10=0,0,""),"nvt") -> nvt | V10: =IF(RM_uitgaven_en_ontvangsten!O10="ja",IF(J10=0,0,""),"nvt") -> nvt | W10: =IFERROR((SUM(P10:V10)),"nvt") -> 0
A11: VII | B11: Binnenlandse Zaken & Koninkrijksrelaties | E11: Totaal | F11: =SUM(F2:F10) -> 2688000000 | G11: =IF(COUNTIF(G2:G10,"ja")>0,"ja","") -> ja | H11: =SUM(H2:H10) -> 25000000 | I11: =SUM(I2:I10) -> 30010000 | J11: =SUM(J2:J10) -> 55010000 | K11: =IF(SUM(K2:K10)>0,"Bereken optelling handmatig",0) -> 0 | L11: =IF(SUM(L2:L10)>0,"Bereken optelling handmatig",0) -> Bereken optelling handmatig | M11: =IFERROR(J11+K11+L11,J11) -> 55010000 | O11: =IF(AND(F11>0,RM_uitgaven_en_ontvangsten!O11="ja"),J11/F11,"nvt") -> 0.02046503 | P11: =SUM(P2:P10) -> 0 | Q11: =SUM(Q2:Q10) -> 50000000 | R11: =SUM(R2:R10) -> 0 | S11: =SUM(S2:S10) -> 0 | T11: =SUM(T2:T10) -> 0 | U11: =SUM(U2:U10) -> 0 | V11: =SUM(V2:V10) -> 0 | W11: =IFERROR((SUM(P11:V11)),"nvt") -> 50000000

Sheet RM_ontvangsten
A1: hoofdstuk nr | B1: hoofdstuk | C1: artikel nr | D1: artikel | E1: soort artikel | F1: verantwoord bedrag | G1: steekproef | H1: meest waarschijnlijke fout | I1: meest waarschijnlijke onzekerheid | J1: meest waarschijnlijke fout en onzekerheid | K1: basis onnauwkeurigheid | L1: nauwkeurigheids verval | M1: maximale fout en onzekerheid | N1: niet kwantificeerbare bevindingen | O1: % meest waarschijnlijke fout en onzekerheid | P1: meest waarschijnlijke fout en onzekerheid: niet naleven budgetrecht (vereisten uit de comptabiliteitswet) | Q1: meest waarschijnlijke fout en onzekerheid: inkopen - niet naleven aanbestedingswet- en regelgeving | R1: meest waarschijnlijke fout en onzekerheid: inkopen - ontbreken prestatieverklaring | S1: meest waarschijnlijke fout en onzekerheid: staatssteun | T1: meest waarschijnlijke fout en onzekerheid: ontoereikendheid in M&O-beleid | U1: meest waarschijnlijke fout en onzekerheid: niet naleven van de regeling financieel beheer van het rijk | V1: meest waarschijnlijke fout en onzekerheid: onrechtmatigheden in ministerie specifieke wet- en regelgeving of het niet naleven van overige comptabele wet- en regelgeving | W1: optelling soort meest waarschijnlijke fout en onzekerheid | X1: opmerkingen
A2: VII | B2: Binnenlandse Zaken & Koninkrijksrelaties | C2: 1 | D2: Openbaar bestuur en democratie | E2: Beleidsartikel | F2: 5000000 | G2: nee | J2: =H2+I2 -> 0 | M2: =J2+K2+L2 -> 0 | O2: =IF(AND(F2>0,RM_uitgaven_en_ontvangsten!O2="ja"),J2/F2,"nvt") -> nvt | P2: =IF(RM_uitgaven_en_ontvangsten!O2="ja",IF(J2=0,0,""),"nvt") -> nvt | Q2: =IF(RM_uitgaven_en_ontvangsten!O2="ja",IF(J2=0,0,""),"nvt") -> nvt | R2: =IF(RM_uitgaven_en_ontvangsten!O2="ja",IF(J2=0,0,""),"nvt") -> nvt | S2: =IF(RM_uitgaven_en_ontvangsten!O2="ja",IF(J2=0,0,""),"nvt") -> nvt | T2: =IF(RM_uitgaven_en_ontvangsten!O2="ja",IF(J2=0,0,""),"nvt") -> nvt | U2: =IF(RM_uitgaven_en_ontvangsten!O2="ja",IF(J2=0,0,""),"nvt") -> nvt | V2: =IF(RM_uitgaven_en_ontvangsten!O2="ja",IF(J2=0,0,""),"nvt") -> nvt | W2: =IFERROR((SUM(P2:V2)),"nvt") -> 0
A3: VII | B3: Binnenlandse Zaken & Koninkrijksrelaties | C3: 2 | D3: Nationale veiligheid | E3: Beleidsartikel | F3: 10000000 | G3: nee | J3: =H3+I3 -> 0 | M3: =J3+K3+L3 -> 0 | O3: =IF(AND(F3>0,RM_uitgaven_en_ontvangsten!O3="ja"),J3/F3,"nvt") -> 0 | P3: =IF(RM_uitgaven_en_ontvangsten!O3="ja",IF(J3=0,0,""),"nvt") -> 0 | Q3: =IF(RM_uitgaven_en_ontvangsten!O3="ja",IF(J3=0,0,""),"nvt") -> 0 | R3: =IF(RM_uitgaven_en_ontvangsten!O3="ja",IF(J3=0,0,""),"nvt") -> 0 | S3: =IF(RM_uitgaven_en_ontvangsten!O3="ja",IF(J3=0,0,""),"nvt") -> 0 | T3: =IF(RM_uitgaven_en_ontvangsten!O3="ja",IF(J3=0,0,""),"nvt") -> 0 | U3: =IF(RM_uitgaven_en_ontvangsten!O3="ja",IF(J3=0,0,""),"nvt") -> 0 | V3: =IF(RM_uitgaven_en_ontvangsten!O3="ja",IF(J3=0,0,""),"nvt") -> 0 | W3: =IFERROR((SUM(P3:V3)),"nvt") -> 0
A4: VII | B4: Binnenlandse Zaken & Koninkrijksrelaties | C4: 6 | D4: Overheidsdienstverlening en informatiesamenleving | E4: Beleidsartikel | F4: 25000000 | G4: ja | I4: 150000 | J4: =H4+I4 -> 150000 | M4: =J4+K4+L4 -> 150000 | O4: =IF(AND(F4>0,RM_uitgaven_en_ontvangsten!O4="ja"),J4/F4,"nvt") -> nvt | P4: =IF(RM_uitgaven_en_ontvangsten!O4="ja",IF(J4=0,0,""),"nvt") -> nvt | Q4: =IF(RM_uitgaven_en_ontvangsten!O4="ja",IF(J4=0,0,""),"nvt") -> nvt | R4: =IF(RM_uitgaven_en_ontvangsten!O4="ja",IF(J4=0,0,""),"nvt") -> nvt | S4: =IF(RM_uitgaven_en_ontvangsten!O4="ja",IF(J4=0,0,""),"nvt") -> nvt | T4: =IF(RM_uitgaven_en_ontvangsten!O4="ja",IF(J4=0,0,""),"nvt") -> nvt | U4: =IF(RM_uitgaven_en_ontvangsten!O4="ja",IF(J4=0,0,""),"nvt") -> nvt | V4: =IF(RM_uitgaven_en_ontvangsten!O4="ja",IF(J4=0,0,""),"nvt") -> nvt | W4: =IFERROR((SUM(P4:V4)),"nvt") -> 0
A5: VII | B5: Binnenlandse Zaken & Koninkrijksrelaties | C5: 7 | D5: Werkgevers- en bedrijfsvoeringsbeleid | E5: Beleidsartikel | F5: 0 | G5: nee | J5: =H5+I5 -> 0 | M5: =J5+K5+L5 -> 0 | N5: ja | O5: =IF(AND(F5>0,RM_uitgaven_en_ontvangsten!O5="ja"),J5/F5,"nvt") -> nvt | P5: =IF(RM_uitgaven_en_ontvangsten!O5="ja",IF(J5=0,0,""),"nvt") -> nvt | Q5: =IF(RM_uitgaven_en_ontvangsten!O5="ja",IF(J5=0,0,""),"nvt") -> nvt | R5: =IF(RM_uitgaven_en_ontvangsten!O5="ja",IF(J5=0,0,""),"nvt") -> nvt | S5: =IF(RM_uitgaven_en_ontvangsten!O5="ja",IF(J5=0,0,""),"nvt") -> nvt | T5: =IF(RM_uitgaven_en_ontvangsten!O5="ja",IF(J5=0,0,""),"nvt") -> nvt | U5: =IF(RM_uitgaven_en_ontvangsten!O5="ja",IF(J5=0,0,""),"nvt") -> nvt | V5: =IF(RM_uitgaven_en_ontvangsten!O5="ja",IF(J5=0,0,""),"nvt") -> nvt | W5: =IFERROR((SUM(P5:V5)),"nvt") -> 0
A6: VII | B6: Binnenlandse Zaken & Koninkrijksrelaties | C6: 14 | D6: Slavernijverleden: fonds en herdenkingscomité | E6: Beleidsartikel | F6: 0 | G6: nee | J6: =H6+I6 -> 0 | M6: =J6+K6+L6 -> 0 | O6: =IF(AND(F6>0,RM_uitgaven_en_ontvangsten!O6="ja"),J6/F6,"nvt") -> nvt | P6: =IF(RM_uitgaven_en_ontvangsten!O6="ja",IF(J6=0,0,""),"nvt") -> nvt | Q6: =IF(RM_uitgaven_en_ontvangsten!O6="ja",IF(J6=0,0,""),"nvt") -> nvt | R6: =IF(RM_uitgaven_en_ontvangsten!O6="ja",IF(J6=0,0,""),"nvt") -> nvt | S6: =IF(RM_uitgaven_en_ontvangsten!O6="ja",IF(J6=0,0,""),"nvt") -> nvt | T6: =IF(RM_uitgaven_en_ontvangsten!O6="ja",IF(J6=0,0,""),"nvt") -> nvt | U6: =IF(RM_uitgaven_en_ontvangsten!O6="ja",IF(J6=0,0,""),"nvt") -> nvt | V6: =IF(RM_uitgaven_en_ontvangsten!O6="ja",IF(J6=0,0,""),"nvt") -> nvt | W6: =IFERROR((SUM(P6:V6)),"nvt") -> 0
A7: VII | B7: Binnenlandse Zaken & Koninkrijksrelaties | C7: 15 | D7: Een veilig Groningen met perspectief | E7: Beleidsartikel | F7: 0 | G7: nee | J7: =H7+I7 -> 0 | M7: =J7+K7+L7 -> 0 | O7: =IF(AND(F7>0,RM_uitgaven_en_ontvangsten!O7="ja"),J7/F7,"nvt") -> nvt | P7: =IF(RM_uitgaven_en_ontvangsten!O7="ja",IF(J7=0,0,""),"nvt") -> nvt | Q7: =IF(RM_uitgaven_en_ontvangsten!O7="ja",IF(J7=0,0,""),"nvt") -> nvt | R7: =IF(RM_uitgaven_en_ontvangsten!O7="ja",IF(J7=0,0,""),"nvt") -> nvt | S7: =IF(RM_uitgaven_en_ontvangsten!O7="ja",IF(J7=0,0,""),"nvt") -> nvt | T7: =IF(RM_uitgaven_en_ontvangsten!O7="ja",IF(J7=0,0,""),"nvt") -> nvt | U7: =IF(RM_uitgaven_en_ontvangsten!O7="ja",IF(J7=0,0,""),"nvt") -> nvt | V7: =IF(RM_uitgaven_en_ontvangsten!O7="ja",IF(J7=0,0,""),"nvt") -> nvt | W7: =IFERROR((SUM(P7:V7)),"nvt") -> 0
A8: VII | B8: Binnenlandse Zaken & Koninkrijksrelaties | C8: 11 | D8: Centraal apparaat | E8: Niet-beleidsartikel | G8: nee | J8: =H8+I8 -> 0 | M8: =J8+K8+L8 -> 0 | O8: =IF(AND(F8>0,RM_uitgaven_en_ontvangsten!O8="ja"),J8/F8,"nvt") -> nvt | P8: =IF(RM_uitgaven_en_ontvangsten!O8="ja",IF(J8=0,0,""),"nvt") -> nvt | Q8: =IF(RM_uitgaven_en_ontvangsten!O8="ja",IF(J8=0,0,""),"nvt") -> nvt | R8: =IF(RM_uitgaven_en_ontvangsten!O8="ja",IF(J8=0,0,""),"nvt") -> nvt | S8: =IF(RM_uitgaven_en_ontvangsten!O8="ja",IF(J8=0,0,""),"nvt") -> nvt | T8: =IF(RM_uitgaven_en_ontvangsten!O8="ja",IF(J8=0,0,""),"nvt") -> nvt | U8: =IF(RM_uitgaven_en_ontvangsten!O8="ja",IF(J8=0,0,""),"nvt") -> nvt | V8: =IF(RM_uitgaven_en_ontvangsten!O8="ja",IF(J8=0,0,""),"nvt") -> nvt | W8: =IFERROR((SUM(P8:V8)),"nvt") -> 0
A9: VII | B9: Binnenlandse Zaken & Koninkrijksrelaties | C9: 12 | D9: Algemeen | E9: Niet-beleidsartikel | G9: nee | J9: =H9+I9 -> 0 | M9: =J9+K9+L9 -> 0 | O9: =IF(AND(F9>0,RM_uitgaven_en_ontvangsten!O9="ja"),J9/F9,"nvt") -> nvt | P9: =IF(RM_uitgaven_en_ontvangsten!O9="ja",IF(J9=0,0,""),"nvt") -> nvt | Q9: =IF(RM_uitgaven_en_ontvangsten!O9="ja",IF(J9=0,0,""),"nvt") -> nvt | R9: =IF(RM_uitgaven_en_ontvangsten!O9="ja",IF(J9=0,0,""),"nvt") -> nvt | S9: =IF(RM_uitgaven_en_ontvangsten!O9="ja",IF(J9=0,0,""),"nvt") -> nvt | T9: =IF(RM_uitgaven_en_ontvangsten!O9="ja",IF(J9=0,0,""),"nvt") -> nvt | U9: =IF(RM_uitgaven_en_ontvangsten!O9="ja",IF(J9=0,0,""),"nvt") -> nvt | V9: =IF(RM_uitgaven_en_ontvangsten!O9="ja",IF(J9=0,0,""),"nvt") -> nvt | W9: =IFERROR((SUM(P9:V9)),"nvt") -> 0
A10: VII | B10: Binnenlandse Zaken & Koninkrijksrelaties | C10: 13 | D10: Nog onverdeeld | E10: Niet-beleidsartikel | F10: 55000000 | G10: nee | J10: =H10+I10 -> 0 | M10: =J10+K10+L10 -> 0 | O10: =IF(AND(F10>0,RM_uitgaven_en_ontvangsten!O10="ja"),J10/F10,"nvt") -> nvt | P10: =IF(RM_uitgaven_en_ontvangsten!O10="ja",IF(J10=0,0,""),"nvt") -> nvt | Q10: =IF(RM_uitgaven_en_ontvangsten!O10="ja",IF(J10=0,0,""),"nvt") -> nvt | R10: =IF(RM_uitgaven_en_ontvangsten!O10="ja",IF(J10=0,0,""),"nvt") -> nvt | S10: =IF(RM_uitgaven_en_ontvangsten!O10="ja",IF(J10=0,0,""),"nvt") -> nvt | T10: =IF(RM_uitgaven_en_ontvangsten!O10="ja",IF(J10=0,0,""),"nvt") -> nvt | U10: =IF(RM_uitgaven_en_ontvangsten!O10="ja",IF(J10=0,0,""),"nvt") -> nvt | V10: =IF(RM_uitgaven_en_ontvangsten!O10="ja",IF(J10=0,0,""),"nvt") -> nvt | W10: =IFERROR((SUM(P10:V10)),"nvt") -> 0
A11: VII | B11: Binnenlandse Zaken & Koninkrijksrelaties | E11: Totaal | F11: =SUM(F2:F10) -> 95000000 | G11: =IF(COUNTIF(G2:G10,"ja")>0,"ja","") -> ja | H11: =SUM(H2:H10) -> 0 | I11: =SUM(I2:I10) -> 150000 | J11: =SUM(J2:J10) -> 150000 | K11: =IF(SUM(K2:K10)>0,"Bereken optelling handmatig",0) -> 0 | L11: =IF(SUM(L2:L10)>0,"Bereken optelling handmatig",0) -> 0 | M11: =IFERROR(J11+K11+L11,J11) -> 150000 | O11: =IF(AND(F11>0,RM_uitgaven_en_ontvangsten!O11="ja"),J11/F11,"nvt") -> 0.0015789474 | P11: =SUM(P2:P10) -> 0 | Q11: =SUM(Q2:Q10) -> 0 | R11: =SUM(R2:R10) -> 0 | S11: =SUM(S2:S10) -> 0 | T11: =SUM(T2:T10) -> 0 | U11: =SUM(U2:U10) -> 0 | V11: =SUM(V2:V10) -> 0 | W11: =IFERROR((SUM(P11:V11)),"nvt") -> 0

Sheet RM_uitgaven_en_ontvangsten
A1: hoofdstuk nr | B1: hoofdstuk | C1: artikel nr | D1: artikel | E1: soort artikel | F1: verantwoord bedrag | G1: tolerantie grens | H1: steekproef | I1: meest waarschijnlijke fout | J1: meest waarschijnlijke onzekerheid | K1: meest waarschijnlijke fout en onzekerheid | L1: basis onnauwkeurigheid | M1: nauwkeurigheids verval | N1: maximale fout en onzekerheid | O1: tolerantie overschreden | P1: niet kwantificeerbare bevindingen | Q1: % meest waarschijnlijke fout en onzekerheid | R1: meest waarschijnlijke fout en onzekerheid: niet naleven budgetrecht (vereisten uit de comptabiliteitswet) | S1: meest waarschijnlijke fout en onzekerheid: inkopen - niet naleven aanbestedingswet- en regelgeving | T1: meest waarschijnlijke fout en onzekerheid: inkopen - ontbreken prestatieverklaring | U1: meest waarschijnlijke fout en onzekerheid: staatssteun | V1: meest waarschijnlijke fout en onzekerheid: ontoereikendheid in M&O-beleid | W1: meest waarschijnlijke fout en onzekerheid: niet naleven van de regeling financieel beheer van het rijk | X1: meest waarschijnlijke fout en onzekerheid: onrechtmatigheden in ministerie specifieke wet- en regelgeving of het niet naleven van overige comptabele wet- en regelgeving | Y1: optelling soort meest waarschijnlijke fout en onzekerheid | Z1: opmerkingen
A2: VII | B2: Binnenlandse Zaken & Koninkrijksrelaties | C2: 1 | D2: Openbaar bestuur en democratie | E2: Beleidsartikel | F2: =RM_uitgaven!F2+RM_ontvangsten!F2 -> 405000000 | G2: =IF(F2<=250000000,0.1*F2,IF(AND(F2>250000000,F2<=500000000),25000000,0.05*F2)) -> 25000000 | I2: =RM_uitgaven!H2+RM_ontvangsten!H2 -> 0 | J2: =RM_uitgaven!I2+RM_ontvangsten!I2 -> 0 | K2: =I2+J2 -> 0 | L2: =RM_uitgaven!K2+RM_ontvangsten!K2 -> 0 | M2: =RM_uitgaven!L2+RM_ontvangsten!L2 -> 0 | N2: =K2+L2+M2 -> 0 | O2: =IF(AND(N2>G2,H2="ja"),"ja",IF(K2>G2,"ja","nee")) -> nee | P2: nee | Q2: =IF(AND(F2>0,O2="ja"),K2/F2,"nvt") -> nvt | R2: =IF(O2="ja",IFERROR(RM_uitgaven!P2+RM_ontvangsten!P2,"Vul in op U & O"),"nvt") -> nvt | S2: =IF(O2="ja",IFERROR(RM_uitgaven!Q2+RM_ontvangsten!Q2,"Vul in op U & O"),"nvt") -> nvt | T2: =IF(O2="ja",IFERROR(RM_uitgaven!R2+RM_ontvangsten!R2,"Vul in op U & O"),"nvt") -> nvt | U2: =IF(O2="ja",IFERROR(RM_uitgaven!S2+RM_ontvangsten!S2,"Vul in op U & O"),"nvt") -> nvt | V2: =IF(O2="ja",IFERROR(RM_uitgaven!T2+RM_ontvangsten!T2,"Vul in op U & O"),"nvt") -> nvt | W2: =IF(O2="ja",IFERROR(RM_uitgaven!U2+RM_ontvangsten!U2,"Vul in op U & O"),"nvt") -> nvt | X2: =IF(O2="ja",IFERROR(RM_uitgaven!V2+RM_ontvangsten!V2,"Vul in op U & O"),"nvt") -> nvt | Y2: =IFERROR((SUM(R2:X2)),"nvt") -> 0
A3: VII | B3: Binnenlandse Zaken & Koninkrijksrelaties | C3: 2 | D3: Nationale veiligheid | E3: Beleidsartikel | F3: =RM_uitgaven!F3+RM_ontvangsten!F3 -> 6.1e+08 | G3: =IF(F3<=250000000,0.1*F3,IF(AND(F3>250000000,F3<=500000000),25000000,0.05*F3)) -> 30500000 | H3: ja | I3: =RM_uitgaven!H3+RM_ontvangsten!H3 -> 25000000 | J3: =RM_uitgaven!I3+RM_ontvangsten!I3 -> 30000000 | K3: =I3+J3 -> 55000000 | L3: =RM_uitgaven!K3+RM_ontvangsten!K3 -> 0 | M3: =RM_uitgaven!L3+RM_ontvangsten!L3 -> 10000000 | N3: =K3+L3+M3 -> 65000000 | O3: =IF(AND(N3>G3,H3="ja"),"ja",IF(K3>G3,"ja","nee")) -> ja | P3: nee | Q3: =IF(AND(F3>0,O3="ja"),K3/F3,"nvt") -> 0.090163934 | R3: =IF(O3="ja",IFERROR(RM_uitgaven!P3+RM_ontvangsten!P3,"Vul in op U & O"),"nvt") -> 0 | S3: =IF(O3="ja",IFERROR(RM_uitgaven!Q3+RM_ontvangsten!Q3,"Vul in op U & O"),"nvt") -> 50000000 | T3: =IF(O3="ja",IFERROR(RM_uitgaven!R3+RM_ontvangsten!R3,"Vul in op U & O"),"nvt") -> 0 | U3: =IF(O3="ja",IFERROR(RM_uitgaven!S3+RM_ontvangsten!S3,"Vul in op U & O"),"nvt") -> 0 | V3: =IF(O3="ja",IFERROR(RM_uitgaven!T3+RM_ontvangsten!T3,"Vul in op U & O"),"nvt") -> 0 | W3: =IF(O3="ja",IFERROR(RM_uitgaven!U3+RM_ontvangsten!U3,"Vul in op U & O"),"nvt") -> 0 | X3: =IF(O3="ja",IFERROR(RM_uitgaven!V3+RM_ontvangsten!V3,"Vul in op U & O"),"nvt") -> 0 | Y3: =IFERROR((SUM(R3:X3)),"nvt") -> 50000000
A4: VII | B4: Binnenlandse Zaken & Koninkrijksrelaties | C4: 6 | D4: Overheidsdienstverlening en informatiesamenleving | E4: Beleidsartikel | F4: =RM_uitgaven!F4+RM_ontvangsten!F4 -> 525000000 | G4: =IF(F4<=250000000,0.1*F4,IF(AND(F4>250000000,F4<=500000000),25000000,0.05*F4)) -> 26250000 | H4: ja | I4: =RM_uitgaven!H4+RM_ontvangsten!H4 -> 0 | J4: =RM_uitgaven!I4+RM_ontvangsten!I4 -> 150000 | K4: =I4+J4 -> 150000 | L4: =RM_uitgaven!K4+RM_ontvangsten!K4 -> 0 | M4: =RM_uitgaven!L4+RM_ontvangsten!L4 -> 0 | N4: =K4+L4+M4 -> 150000 | O4: =IF(AND(N4>G4,H4="ja"),"ja",IF(K4>G4,"ja","nee")) -> nee | P4: ja | Q4: =IF(AND(F4>0,O4="ja"),K4/F4,"nvt") -> nvt | R4: =IF(O4="ja",IFERROR(RM_uitgaven!P4+RM_ontvangsten!P4,"Vul in op U & O"),"nvt") -> nvt | S4: =IF(O4="ja",IFERROR(RM_uitgaven!Q4+RM_ontvangsten!Q4,"Vul in op U & O"),"nvt") -> nvt | T4: =IF(O4="ja",IFERROR(RM_uitgaven!R4+RM_ontvangsten!R4,"Vul in op U & O"),"nvt") -> nvt | U4: =IF(O4="ja",IFERROR(RM_uitgaven!S4+RM_ontvangsten!S4,"Vul in op U & O"),"nvt") -> nvt | V4: =IF(O4="ja",IFERROR(RM_uitgaven!T4+RM_ontvangsten!T4,"Vul in op U & O"),"nvt") -> nvt | W4: =IF(O4="ja",IFERROR(RM_uitgaven!U4+RM_ontvangsten!U4,"Vul in op U & O"),"nvt") -> nvt | X4: =IF(O4="ja",IFERROR(RM_uitgaven!V4+RM_ontvangsten!V4,"Vul in op U & O"),"nvt") -> nvt | Y4: =IFERROR((SUM(R4:X4)),"nvt") -> 0
A5: VII | B5: Binnenlandse Zaken & Koninkrijksrelaties | C5: 7 | D5: Werkgevers- en bedrijfsvoeringsbeleid | E5: Beleidsartikel | F5: =RM_uitgaven!F5+RM_ontvangsten!F5 -> 40000000 | G5: =IF(F5<=250000000,0.1*F5,IF(AND(F5>250000000,F5<=500000000),25000000,0.05*F5)) -> 4000000 | I5: =RM_uitgaven!H5+RM_ontvangsten!H5 -> 0 | J5: =RM_uitgaven!I5+RM_ontvangsten!I5 -> 0 | K5: =I5+J5 -> 0 | L5: =RM_uitgaven!K5+RM_ontvangsten!K5 -> 0 | M5: =RM_uitgaven!L5+RM_ontvangsten!L5 -> 0 | N5: =K5+L5+M5 -> 0 | O5: =IF(AND(N5>G5,H5="ja"),"ja",IF(K5>G5,"ja","nee")) -> nee | P5: ja | Q5: =IF(AND(F5>0,O5="ja"),K5/F5,"nvt") -> nvt | R5: =IF(O5="ja",IFERROR(RM_uitgaven!P5+RM_ontvangsten!P5,"Vul in op U & O"),"nvt") -> nvt | S5: =IF(O5="ja",IFERROR(RM_uitgaven!Q5+RM_ontvangsten!Q5,"Vul in op U & O"),"nvt") -> nvt | T5: =IF(O5="ja",IFERROR(RM_uitgaven!R5+RM_ontvangsten!R5,"Vul in op U & O"),"nvt") -> nvt | U5: =IF(O5="ja",IFERROR(RM_uitgaven!S5+RM_ontvangsten!S5,"Vul in op U & O"),"nvt") -> nvt | V5: =IF(O5="ja",IFERROR(RM_uitgaven!T5+RM_ontvangsten!T5,"Vul in op U & O"),"nvt") -> nvt | W5: =IF(O5="ja",IFERROR(RM_uitgaven!U5+RM_ontvangsten!U5,"Vul in op U & O"),"nvt") -> nvt | X5: =IF(O5="ja",IFERROR(RM_uitgaven!V5+RM_ontvangsten!V5,"Vul in op U & O"),"nvt") -> nvt | Y5: =IFERROR((SUM(R5:X5)),"nvt") -> 0
A6: VII | B6: Binnenlandse Zaken & Koninkrijksrelaties | C6: 14 | D6: Slavernijverleden: fonds en herdenkingscomité | E6: Beleidsartikel | F6: =RM_uitgaven!F6+RM_ontvangsten!F6 -> 10000000 | G6: =IF(F6<=250000000,0.1*F6,IF(AND(F6>250000000,F6<=500000000),25000000,0.05*F6)) -> 1000000 | I6: =RM_uitgaven!H6+RM_ontvangsten!H6 -> 0 | J6: =RM_uitgaven!I6+RM_ontvangsten!I6 -> 0 | K6: =I6+J6 -> 0 | L6: =RM_uitgaven!K6+RM_ontvangsten!K6 -> 0 | M6: =RM_uitgaven!L6+RM_ontvangsten!L6 -> 0 | N6: =K6+L6+M6 -> 0 | O6: =IF(AND(N6>G6,H6="ja"),"ja",IF(K6>G6,"ja","nee")) -> nee | P6: nee | Q6: =IF(AND(F6>0,O6="ja"),K6/F6,"nvt") -> nvt | R6: =IF(O6="ja",IFERROR(RM_uitgaven!P6+RM_ontvangsten!P6,"Vul in op U & O"),"nvt") -> nvt | S6: =IF(O6="ja",IFERROR(RM_uitgaven!Q6+RM_ontvangsten!Q6,"Vul in op U & O"),"nvt") -> nvt | T6: =IF(O6="ja",IFERROR(RM_uitgaven!R6+RM_ontvangsten!R6,"Vul in op U & O"),"nvt") -> nvt | U6: =IF(O6="ja",IFERROR(RM_uitgaven!S6+RM_ontvangsten!S6,"Vul in op U & O"),"nvt") -> nvt | V6: =IF(O6="ja",IFERROR(RM_uitgaven!T6+RM_ontvangsten!T6,"Vul in op U & O"),"nvt") -> nvt | W6: =IF(O6="ja",IFERROR(RM_uitgaven!U6+RM_ontvangsten!U6,"Vul in op U & O"),"nvt") -> nvt | X6: =IF(O6="ja",IFERROR(RM_uitgaven!V6+RM_ontvangsten!V6,"Vul in op U & O"),"nvt") -> nvt | Y6: =IFERROR((SUM(R6:X6)),"nvt") -> 0
A7: VII | B7: Binnenlandse Zaken & Koninkrijksrelaties | C7: 15 | D7: Een veilig Groningen met perspectief | E7: Beleidsartikel | F7: =RM_uitgaven!F7+RM_ontvangsten!F7 -> 150000000 | G7: =IF(F7<=250000000,0.1*F7,IF(AND(F7>250000000,F7<=500000000),25000000,0.05*F7)) -> 15000000 | H7: ja | I7: =RM_uitgaven!H7+RM_ontvangsten!H7 -> 0 | J7: =RM_uitgaven!I7+RM_ontvangsten!I7 -> 10000 | K7: =I7+J7 -> 10000 | L7: =RM_uitgaven!K7+RM_ontvangsten!K7 -> 0 | M7: =RM_uitgaven!L7+RM_ontvangsten!L7 -> 100000 | N7: =K7+L7+M7 -> 110000 | O7: =IF(AND(N7>G7,H7="ja"),"ja",IF(K7>G7,"ja","nee")) -> nee | Q7: =IF(AND(F7>0,O7="ja"),K7/F7,"nvt") -> nvt | R7: =IF(O7="ja",IFERROR(RM_uitgaven!P7+RM_ontvangsten!P7,"Vul in op U & O"),"nvt") -> nvt | S7: =IF(O7="ja",IFERROR(RM_uitgaven!Q7+RM_ontvangsten!Q7,"Vul in op U & O"),"nvt") -> nvt | T7: =IF(O7="ja",IFERROR(RM_uitgaven!R7+RM_ontvangsten!R7,"Vul in op U & O"),"nvt") -> nvt | U7: =IF(O7="ja",IFERROR(RM_uitgaven!S7+RM_ontvangsten!S7,"Vul in op U & O"),"nvt") -> nvt | V7: =IF(O7="ja",IFERROR(RM_uitgaven!T7+RM_ontvangsten!T7,"Vul in op U & O"),"nvt") -> nvt | W7: =IF(O7="ja",IFERROR(RM_uitgaven!U7+RM_ontvangsten!U7,"Vul in op U & O"),"nvt") -> nvt | X7: =IF(O7="ja",IFERROR(RM_uitgaven!V7+RM_ontvangsten!V7,"Vul in op U & O"),"nvt") -> nvt | Y7: =IFERROR((SUM(R7:X7)),"nvt") -> 0
A8: VII | B8: Binnenlandse Zaken & Koninkrijksrelaties | C8: 11 | D8: Centraal apparaat | E8: Niet-beleidsartikel | F8: =RM_uitgaven!F8+RM_ontvangsten!F8 -> 900000000 | G8: =IF(F8<=250000000,0.1*F8,IF(AND(F8>250000000,F8<=500000000),25000000,0.05*F8)) -> 45000000 | H8: nee | I8: =RM_uitgaven!H8+RM_ontvangsten!H8 -> 0 | J8: =RM_uitgaven!I8+RM_ontvangsten!I8 -> 0 | K8: =I8+J8 -> 0 | L8: =RM_uitgaven!K8+RM_ontvangsten!K8 -> 0 | M8: =RM_uitgaven!L8+RM_ontvangsten!L8 -> 0 | N8: =K8+L8+M8 -> 0 | O8: =IF(AND(N8>G8,H8="ja"),"ja",IF(K8>G8,"ja","nee")) -> nee | P8: ja | Q8: =IF(AND(F8>0,O8="ja"),K8/F8,"nvt") -> nvt | R8: =IF(O8="ja",IFERROR(RM_uitgaven!P8+RM_ontvangsten!P8,"Vul in op U & O"),"nvt") -> nvt | S8: =IF(O8="ja",IFERROR(RM_uitgaven!Q8+RM_ontvangsten!Q8,"Vul in op U & O"),"nvt") -> nvt | T8: =IF(O8="ja",IFERROR(RM_uitgaven!R8+RM_ontvangsten!R8,"Vul in op U & O"),"nvt") -> nvt | U8: =IF(O8="ja",IFERROR(RM_uitgaven!S8+RM_ontvangsten!S8,"Vul in op U & O"),"nvt") -> nvt | V8: =IF(O8="ja",IFERROR(RM_uitgaven!T8+RM_ontvangsten!T8,"Vul in op U & O"),"nvt") -> nvt | W8: =IF(O8="ja",IFERROR(RM_uitgaven!U8+RM_ontvangsten!U8,"Vul in op U & O"),"nvt") -> nvt | X8: =IF(O8="ja",IFERROR(RM_uitgaven!V8+RM_ontvangsten!V8,"Vul in op U & O"),"nvt") -> nvt | Y8: =IFERROR((SUM(R8:X8)),"nvt") -> 0
A9: VII | B9: Binnenlandse Zaken & Koninkrijksrelaties | C9: 12 | D9: Algemeen | E9: Niet-beleidsartikel | F9: =RM_uitgaven!F9+RM_ontvangsten!F9 -> 88000000 | G9: =IF(F9<=250000000,0.1*F9,IF(AND(F9>250000000,F9<=500000000),25000000,0.05*F9)) -> 8800000 | H9: nee | I9: =RM_uitgaven!H9+RM_ontvangsten!H9 -> 0 | J9: =RM_uitgaven!I9+RM_ontvangsten!I9 -> 0 | K9: =I9+J9 -> 0 | L9: =RM_uitgaven!K9+RM_ontvangsten!K9 -> 0 | M9: =RM_uitgaven!L9+RM_ontvangsten!L9 -> 0 | N9: =K9+L9+M9 -> 0 | O9: =IF(AND(N9>G9,H9="ja"),"ja",IF(K9>G9,"ja","nee")) -> nee | Q9: =IF(AND(F9>0,O9="ja"),K9/F9,"nvt") -> nvt | R9: =IF(O9="ja",IFERROR(RM_uitgaven!P9+RM_ontvangsten!P9,"Vul in op U & O"),"nvt") -> nvt | S9: =IF(O9="ja",IFERROR(RM_uitgaven!Q9+RM_ontvangsten!Q9,"Vul in op U & O"),"nvt") -> nvt | T9: =IF(O9="ja",IFERROR(RM_uitgaven!R9+RM_ontvangsten!R9,"Vul in op U & O"),"nvt") -> nvt | U9: =IF(O9="ja",IFERROR(RM_uitgaven!S9+RM_ontvangsten!S9,"Vul in op U & O"),"nvt") -> nvt | V9: =IF(O9="ja",IFERROR(RM_uitgaven!T9+RM_ontvangsten!T9,"Vul in op U & O"),"nvt") -> nvt | W9: =IF(O9="ja",IFERROR(RM_uitgaven!U9+RM_ontvangsten!U9,"Vul in op U & O"),"nvt") -> nvt | X9: =IF(O9="ja",IFERROR(RM_uitgaven!V9+RM_ontvangsten!V9,"Vul in op U & O"),"nvt") -> nvt | Y9: =IFERROR((SUM(R9:X9)),"nvt") -> 0
A10: VII | B10: Binnenlandse Zaken & Koninkrijksrelaties | C10: 13 | D10: Nog onverdeeld | E10: Niet-beleidsartikel | F10: =RM_uitgaven!F10+RM_ontvangsten!F10 -> 55000000 | G10: =IF(F10<=250000000,0.1*F10,IF(AND(F10>250000000,F10<=500000000),25000000,0.05*F10)) -> 5500000 | I10: =RM_uitgaven!H10+RM_ontvangsten!H10 -> 0 | J10: =RM_uitgaven!I10+RM_ontvangsten!I10 -> 0 | K10: =I10+J10 -> 0 | L10: =RM_uitgaven!K10+RM_ontvangsten!K10 -> 0 | M10: =RM_uitgaven!L10+RM_ontvangsten!L10 -> 0 | N10: =K10+L10+M10 -> 0 | O10: =IF(AND(N10>G10,H10="ja"),"ja",IF(K10>G10,"ja","nee")) -> nee | P10: nee | Q10: =IF(AND(F10>0,O10="ja"),K10/F10,"nvt") -> nvt | R10: =IF(O10="ja",IFERROR(RM_uitgaven!P10+RM_ontvangsten!P10,"Vul in op U & O"),"nvt") -> nvt | S10: =IF(O10="ja",IFERROR(RM_uitgaven!Q10+RM_ontvangsten!Q10,"Vul in op U & O"),"nvt") -> nvt | T10: =IF(O10="ja",IFERROR(RM_uitgaven!R10+RM_ontvangsten!R10,"Vul in op U & O"),"nvt") -> nvt | U10: =IF(O10="ja",IFERROR(RM_uitgaven!S10+RM_ontvangsten!S10,"Vul in op U & O"),"nvt") -> nvt | V10: =IF(O10="ja",IFERROR(RM_uitgaven!T10+RM_ontvangsten!T10,"Vul in op U & O"),"nvt") -> nvt | W10: =IF(O10="ja",IFERROR(RM_uitgaven!U10+RM_ontvangsten!U10,"Vul in op U & O"),"nvt") -> nvt | X10: =IF(O10="ja",IFERROR(RM_uitgaven!V10+RM_ontvangsten!V10,"Vul in op U & O"),"nvt") -> nvt | Y10: =IFERROR((SUM(R10:X10)),"nvt") -> 0
A11: VII | B11: Binnenlandse Zaken & Koninkrijksrelaties | E11: Totaal | F11: =SUM(F2:F10)-F4+RM_ontvangsten!F4 -> 2.283e+09 | G11: =IF(F11<=250000000,0.1*F11,IF(AND(F11>250000000,F11<=1250000000),25000000,IF(AND(F11>1250000000,F11<=50000000000),0.02*F11,1000000000))) -> 45660000 | H11: =IF(COUNTIF(H2:H10,"ja")>0,"ja","") -> ja | I11: =SUM(I2:I10) -> 25000000 | J11: =SUM(J2:J10) -> 30160000 | K11: =SUM(K2:K10) -> 55160000 | L11: =IF(SUM(L2:L10)>0,"Bereken optelling handmatig",0) -> 0 | M11: 7000000 | N11: =IFERROR(K11+L11+M11,K11) -> 62160000 | O11: =IF(AND(N11>G11,H11="ja"),"ja",IF(K11>G11,"ja","nee")) -> ja | Q11: =IF(AND(F11>0,O11="ja"),K11/F11,"nvt") -> 0.024161191 | R11: =SUM(R2:R10) -> 0 | S11: =SUM(S2:S10) -> 50000000 | T11: =SUM(T2:T10) -> 0 | U11: =SUM(U2:U10) -> 0 | V11: =SUM(V2:V10) -> 0 | W11: =SUM(W2:W10) -> 0 | X11: =SUM(X2:X10) -> 0 | Y11: =IFERROR((SUM(R11:X11)),"nvt") -> 50000000

Sheet bereik
A1: ja
A2: nee
